Team,AverageHatches,AverageCargo,MedianHatches,MedianCargo,MaxClimbLevel,MostCommonClimbLevel,MeanPointsPerMatch,MedianPointsPerMatch,Comments
687,2.888888888888889,3.7777777777777777,2,4,2,1,20.11111111111111,20,;;;;;;;;;,
330,4.625,4.25,5.0,5.0,3,3,29.5,29.0,;;;;;;;;,
7042,0.5714285714285714,0.8571428571428571,1,0,2,1,6.285714285714286,5,;;;;;;;,
